threshold,window,train_sharpe,test_sharpe,test_max_dd
0.3,4.0,0.7344684670397728,0.009829303534866093,-0.17231337785288547
0.3,5.0,0.7598199141792464,0.06072217659481924,-0.19013937162188332
0.15,4.0,0.7243977429652982,-0.2338078253977814,-0.2200717884906963
0.2,4.0,0.7133796542555397,-0.21047031992360146,-0.23230776271468967
0.15,5.0,0.7555388389358383,-0.21907873808526793,-0.2365725322494895
