{"mom_5": {"mean": 0.00246219328980552, "std": 0.024721328240823834}, "mom_20": {"mean": 0.010492439395130011, "std": 0.05118768121389416}, "mom_diff": {"mean": -0.008030246105324483, "std": 0.04421742412098277}, "vol_signal": {"mean": 0.009394582877786202, "std": 0.006209861974234555}, "trend_signal": {"mean": 0.006022039577044992, "std": 0.031498865502543265}, "trend_slope": {"mean": 0.0019017485818831415, "std": 0.014023612827307574}, "drawdown": {"mean": -0.05327772490870145, "std": 0.05892842250349979}, "dd_signal": {"mean": -0.05312607781090748, "std": 0.058315003762905215}, "vix_signal": {"mean": 0.0017725157195522191, "std": 0.024631759061268767}, "usd_mom": {"mean": 0.0017158399934023784, "std": 0.008924089660000797}, "crude_mom": {"mean": 0.0052868492801874355, "std": 0.13810061236587934}, "breadth_signal": {"mean": -2.9529992261526e-05, "std": 0.002405525455071911}}